npv_eur,irr
447730954.90798193,0.093840345903134
470952379.0075565,0.09510889077632756
212110664.13134655,0.08420215720736487
121391254.5716071,0.07888792179350654
518312811.4139067,0.09703818230312154
292323259.92605263,0.08772562309287008
395555699.2206802,0.09265828068342231
257202196.140301,0.08662855405896763
345560174.5246175,0.08976194846803058
164423317.8095598,0.08171296867686567
881031014.4087183,0.1064272180537066
631574341.0323956,0.09967073115317034
388611749.0866802,0.09239079744227692
271251835.3565636,0.08621569492909849
372490515.094171,0.09090089857970415
467259017.5430795,0.09450033129343464
331442068.572207,0.08936713386758503
490394865.43094224,0.09603972906630431
226780217.08400416,0.08450112339048302
249541022.9259932,0.08619021902317812
330327028.3659227,0.08961646529051963
646491087.486837,0.10027922229026405
882117281.5874918,0.10648661937946827
179398367.89647806,0.08260133968847835
369081286.06246734,0.09077896465503645
1017489138.144376,0.10967457030303976
480327955.345562,0.09492274561841439
253610578.66794813,0.08589014779667965
39769122.01754928,0.07340940719833444
2891964.6603818163,0.07025906778769442
482728978.5250783,0.0950464518070871
260933759.36759162,0.0859134036237991
223107528.32477447,0.08453144185381599
268322927.46240646,0.08728561771349728
493730380.54285014,0.09587857721202125
428323042.1366972,0.09291420018013141
1053125175.1951569,0.11066665629545244
285787227.0396975,0.0870349208901927
212530312.64801478,0.08344041981398666
894628299.0934225,0.10637583659495445
617525648.0179437,0.09923262795117621
403585626.0651507,0.09225370444027875
367400526.43820554,0.09109862548943293
345852054.887082,0.08961590873198597
875377841.5961497,0.10627001748201384
507864506.04249287,0.09593005908528691
416497134.42423403,0.09278238703073853
351706910.09797823,0.09097217350257616
789941809.3188658,0.10503351013647137
106113120.10740866,0.07822239837240288
87150560.92063531,0.07662336507415024
23720652.52729203,0.07200395279895337
223424445.05822313,0.08495958347227643
544079272.111594,0.0970998094887691
108648491.05240813,0.07814353020837256
235056854.77932385,0.08530250834365141
231697604.77103668,0.0845133716565916
106650721.2443213,0.07826733676392032
179745712.42903987,0.08245294193347966
81743105.11306871,0.07658735567871086
505652978.48479337,0.09542896587435
253322008.84599054,0.08582569851780587
421512145.1961634,0.0936190446792994
150559660.42500734,0.08086532800698217
-24878144.2871619,0.06764414067664903
360970096.04831696,0.09061252757085489
544654463.6919237,0.09733907435532793
380937596.3589722,0.09137473626074803
435597934.77187884,0.09319153877732143
596078289.2078853,0.09865263314494031
696153485.9795138,0.10149757023299324
407897919.59846187,0.09265140399300521
365520426.1837056,0.09127960123896703
810599213.235238,0.10476702129755289
142488643.4837149,0.08033756158084966
162415554.61931846,0.08136985092366326
388942857.7657591,0.09168063463842055
479223321.0335252,0.09442932087625863
1036659419.4186714,0.10946645651937573
-12245449.764346654,0.06885041600245445
436168333.5862498,0.09276303693159435
498326215.7210157,0.09617553768566671
521469162.6033194,0.09632424301677556
1076123837.3965712,0.11074844129567878
608319805.8592367,0.0992193077648956
1066805047.5977895,0.11066114391074967
549117552.7994695,0.09750889834604347
567476770.3072753,0.09773486595340332
-50799317.26635404,0.06476698757263427
270933943.39757437,0.08629732732690532
211642067.17899346,0.08421662573497972
484866088.50228786,0.09525330748201373
823309976.6995423,0.10509925922422714
40060242.27908564,0.07326119151691235
770673985.4749768,0.1040198976461516
24499773.024090096,0.07216442085071474
184538676.04102844,0.0824980988629368
301514862.56370354,0.08836273440514607
350301638.0335618,0.09021929227200302
1167034956.6081014,0.1125153749207337
225094858.10215217,0.08478335858993084
387842535.2454683,0.09258572471500368
33336562.77372401,0.07283472709634337
752446922.1022238,0.10312541798137367
1172024841.6561937,0.11251683530004547
521948004.51272863,0.09629480981931392
488576674.9100218,0.09496125522916396
382171700.56744456,0.09102825176525878
247183517.19211555,0.08604097595650247
309446928.9923324,0.0884494103895594
665511087.943459,0.10063444961843251
218390963.13901162,0.08475807829912149
312022328.3727729,0.08875369132075235
112778932.03553188,0.0782279752036968
925032086.097898,0.10765761950586565
393555454.97783697,0.09222079434616641
890467720.4457412,0.10656649057725398
536599126.8108363,0.09684538873420095
528118263.75653076,0.0963063459485433
836001060.9959424,0.10504906927212686
482013502.5231072,0.09476446404810661
970771506.9365877,0.10821970051329363
266380181.92578256,0.0864016677850015
377907616.40577084,0.09135545209666907
339438587.15757424,0.08954309135564532
583120491.9084306,0.0987445684088844
76643922.56317583,0.07608025896688736
595907410.682795,0.09856636661062632
198578544.94607595,0.08300384739113992
50696552.145854406,0.07407394516427879
223044216.12757832,0.08465661108627505
410917145.54182947,0.09311767098675855
313886523.80100715,0.08919280667870366
1055259121.8776641,0.1098826796565393
131452908.79904842,0.07991275724376966
-5222537.802916989,0.06951603927418361
563779777.2359339,0.09768974505932997
299434341.4677003,0.0882541400954373
134881453.66494444,0.08004724601355527
751890813.9216235,0.10382621062749786
1412251630.3897586,0.11706506751131385
322719818.9896649,0.08919688518605269
225311515.68019953,0.08474443561070935
416985040.8399439,0.09272658828821977
115221306.5080612,0.07863628762930794
101001087.3669302,0.07777388425790152
260783945.99025735,0.0860631027360149
371282620.3689996,0.09061892660806829
671482801.0967774,0.10066718818848093
292072132.67862004,0.08847434980052638
135744556.11724648,0.0797514143916782
575276379.7078063,0.09755447267420951
534683546.8606723,0.09656009208093874
544976017.0681932,0.09738946566929177
281270343.3897453,0.08754788135550108
566693259.2947462,0.09763898190610658
483638171.6675764,0.09530005844713357
196562345.93175,0.08319697904831312
939791383.569525,0.10735104161187807
273136927.0464354,0.08673290885425566
218987282.7470275,0.0843333678397251
292734615.9527471,0.08816237021744014
265292236.75015593,0.08625469610349064
358417380.0571307,0.09067753653247101
422835155.10216355,0.09257267160319903
91426270.33290234,0.07696079167622169
92295361.31539914,0.07723296861351577
472803881.66310006,0.09505421923960158
159371459.1281196,0.08125191566915235
525235331.240657,0.0963924762286826
569144427.1153128,0.0977289362704447
448755901.1927782,0.09411866783495221
639299697.1578431,0.09985623435947964
234908036.5877137,0.08500366163896804
768495840.9534605,0.10267471310390934
262598682.0453397,0.08674849998983462
997139959.8143234,0.10831474665585196
1010432133.0016663,0.10894394465441935
575370183.7486804,0.09729741289376415
291603826.7596928,0.08773438740519851
377603186.0877711,0.09130026208503216
320620939.2931485,0.08898793491267225
640014549.3906226,0.09967920394025452
163163843.06524408,0.08136536041679011
418303625.556382,0.09222208396789477
478529887.6209402,0.09506677136750495
784803032.237275,0.10427358701681558
259231428.62220722,0.08616595831926176
387758885.567932,0.09157258456703923
911281150.8554275,0.10690936414571817
801782253.3467013,0.1044105750366731
396302619.1501163,0.0921417833267607
523255048.1534212,0.09669626805327419
676647742.7375944,0.10092047240443082
446313396.4193678,0.09292691234543815
1051264942.4759011,0.11038038006070121
1092654649.4617155,0.11118097059688303
344009434.4324631,0.09039635490069418
523171832.95705867,0.09592594533516223
178418933.88456738,0.08216248669203678
73572972.24052306,0.07585473189445532
355785508.34381324,0.09044952776791329
165872216.51810217,0.08128238000484558
573597995.6905806,0.09855374988883464
790307828.2949227,0.10443385717679327
374724084.5735875,0.09166656676622631
407448973.99994856,0.09270505489338554
563061902.3869306,0.09808570022579141
138131876.92509276,0.07986852967187769
245416250.62533653,0.08592763058131678
615637712.0818231,0.09902610629580276
751123103.2171099,0.10266466242363416
427368419.7734033,0.0929270308588603
303954202.6116525,0.08820305020765587
1330519205.8888278,0.11534283933090139
680654841.5821344,0.1024796318052697
1386332777.5135245,0.11649519807185191
581548454.387969,0.09857112366569122
264548771.01028726,0.08629646486175298
666866533.5916233,0.10094124957666305
449673704.5330434,0.09413409598598671
197597182.15475816,0.08311850149102873
275903948.02680826,0.0872326808658084
380196346.9209715,0.0922388312128317
544416945.5364075,0.09685910460662928
817072120.0531745,0.10522768757125475
640806392.5051025,0.09993720091297316
208056215.65561354,0.08355681028994733
708483802.4696352,0.10227323323561627
32865197.958373915,0.07281973648658491
102491018.13706274,0.07793053792948745
1429973989.1669536,0.11766621863867027
394952645.07455605,0.09276963031753885
77398754.4809903,0.07593864914770856
490818151.7688178,0.09510186964822223
594131163.3347225,0.0991321511899511
542562530.7946951,0.09692382382108318
296691811.6341549,0.08739966344030532
665715815.8163669,0.10074251879350511
108334748.04400745,0.07817803872268679
162357800.4479095,0.08151478299670335
128469653.205655,0.07915009492363784
487217310.3362447,0.09528628144025961
194482987.20465323,0.08332551641668616
461473121.691633,0.09443708285727359
348900977.42473954,0.09100408366814586
331448456.267434,0.0897880153629768
504412330.1487347,0.09597949979028923
415882547.0698172,0.09260397541836961
92768714.68584922,0.07706702951504739
363784144.9030341,0.09025012707702541
823302658.8952992,0.10474033400508095
657502993.1246967,0.10085022576327539
393075609.4023762,0.0919025849707932
371508522.35402775,0.09139180581118928
689376300.8914481,0.10210122538821512
154477022.2262258,0.08115154311715099
288047106.226631,0.08759586362390814
217637697.18112123,0.08403975738859681
86532904.04883179,0.07676832139033606
682608341.6006279,0.10113679723576639
635855894.634372,0.10021831997544826
319825502.3985329,0.0894072167946161
93166777.78168762,0.07710223260310858
538487075.0097568,0.0971124358458283
820035539.4497609,0.10445152594749431
527647385.3566649,0.09717476468049063
701723165.9376888,0.10218880971002896
856931000.4586344,0.10591882883719522
1135197316.0045047,0.11232927557160197
440064345.94254,0.09339874429005794
471104485.0465239,0.09529630423015906
327686894.0003668,0.0893004536766021
183765125.01017928,0.08273211990748672
298039456.9996963,0.08780327241839425
908372502.2238412,0.10682022512475355
282190853.3810134,0.08766142028617797
1038165895.5079873,0.10922808411357429
469776121.7033427,0.09499144415959966
430892704.9782852,0.09382456873401852
825678917.7050891,0.10471506196196245
864761979.9063222,0.1064649246730211
534265527.71935546,0.09679407505770252
-10221428.584551163,0.06906158446250756
1073753773.3932648,0.11050338815021447
81909010.88766643,0.07623866212404584
429014762.35515475,0.09334513475852878
654423603.7237363,0.10045694251335201
269571828.14999175,0.08704274937150223
404629081.38108915,0.09202821414033087
875948279.2746463,0.10599399137330766
350415423.84806806,0.08991832006119467
294274150.1857356,0.0876479504984853
963477144.3075314,0.10845037573262041
255759073.36388636,0.08578158291065596
571652467.0395998,0.09880505628585903
688568987.2591366,0.10189272798623517
321018637.1599867,0.08872430755417292
276167773.39950526,0.08672632071924317
207482558.30806327,0.08366805905999887
652315701.6206379,0.10017071674853995
557473015.1250654,0.09753231772268617
134446089.63271812,0.07972649479444364
359558821.2623657,0.09106338623222994
262357653.4972129,0.08638061712140116
819450195.3693628,0.10454499782166818
387787401.62795776,0.092054547228548
352747190.63586986,0.09011004453361524
277065313.1239668,0.0874657588580017
125770625.11752054,0.07919541524167067
383901390.2990565,0.09100187407129745
224806958.162626,0.08503213483174313
997852547.8503327,0.10904141572756575
168976419.38231668,0.08151958416657473
114503130.96177538,0.07859757407919168
257202396.72759756,0.08607532079441135
315079687.6152572,0.08833157173289169
271407947.4065434,0.08625488104160337
114812074.99890389,0.07864196464009272
377092635.0932112,0.09140648951866374
733133170.5649521,0.10285270273418023
855819067.5127912,0.10567970984108974
464537753.7289117,0.09508242051097543
224667355.4265353,0.08472287037715129
531481613.8527231,0.0976080865548751
355202316.40955484,0.09072717845944066
45131216.40614927,0.07376325559241853
43166570.29228036,0.07363426537510585
174156801.68337673,0.08192789665360735
403397919.37917364,0.09176324830140145
1026218368.5426896,0.10947194123992939
550479887.9262706,0.09703406665874009
415308508.7767738,0.09206989230108216
409588097.34812045,0.09271344570814867
635116661.5807905,0.10013831161252082
534309416.2443136,0.09693085509949037
151823895.9454577,0.08111633032323866
429673209.25396806,0.09394197275397748
402679199.8993147,0.09292443434376425
474017992.2863933,0.09475469564233889
359560267.23756194,0.09107356149907533
589685249.7995095,0.09779940456486984
299850381.83780956,0.08773581233191816
179796633.82502842,0.082091102856262
269002724.70128566,0.08690265064019907
491333814.37965834,0.09542833750064357
196048301.84821758,0.08298324956094001
353227408.8684893,0.09113504771051677
1094488236.68866,0.11064921548595999
587754276.6324182,0.09882827510391917
405117942.84377694,0.09267704679027619
213337998.57812446,0.08404245106580557
703995696.4945786,0.10183363498412945
555289030.275537,0.09762393291919823
995064875.5922755,0.1091785898277563
245480125.1445511,0.08576363876412228
547342997.6273624,0.0978359260600202
280429284.6726946,0.0871323572977383
495029200.7896211,0.09551347108764756
278535109.77341104,0.08738211552089697
761328765.127506,0.10322764751355995
775738521.0663655,0.10403037397040908
285646419.24669236,0.087742892803663
470284682.8827301,0.09432279052628467
405870503.8227662,0.09260010854194098
666727238.9635545,0.10031363958015932
784134534.3145267,0.10455950412706635
1202107850.4290133,0.11319741946883233
747467271.8968351,0.10285407316671172
337176840.6048354,0.08943315338631036
30389014.536008343,0.07261197712219913
156825414.45294887,0.08092356800493522
281222773.32105124,0.08749008836371312
760836912.2840354,0.10342404996711402
-27446932.573420458,0.06734104614928003
604354936.3207752,0.09847527575398686
276517728.31250566,0.08761096224962409
229753804.4021544,0.08500892703221885
-40002062.22321641,0.06596474641606073
91144001.08786857,0.07711034297851171
450460871.9286424,0.09412530352024424
290275440.34019786,0.08765733846014478
645807835.736128,0.1008135678386029
836617631.2924739,0.1054979404422835
1319334467.246834,0.11516947180236653
693974945.3274353,0.10146161388279958
161672773.5443823,0.08159681033064836
169793460.74028933,0.08154850810802447
140575001.85849047,0.08000017379507524
1010604723.0328469,0.10935995937893501
-11852002.427424747,0.06890106801537103
138899872.70122445,0.07994357851943519
458026476.8476778,0.09449043671204989
873774369.3697704,0.10605908612850666
270698100.00405365,0.08697342002927407
869541788.7556185,0.10597129080655376
841134173.9414229,0.10566331450651333
160719139.20547673,0.08128208266310846
535474056.6763827,0.09686774200104198
88421139.06762373,0.07680992726780546
528434783.6158419,0.09602320071942469
560223756.8947321,0.09767968638865741
357493360.12532187,0.09116192228969071
567358296.7773392,0.0985831244617614
101271190.20027396,0.0777872425211929
69448286.38682126,0.07549771358620472
392313440.4335403,0.09206650040716036
268036260.7166338,0.08657290577137047
475125856.12427366,0.09518303237439477
439219061.42413914,0.09375317777123605
764774892.131794,0.10311843370266603
82290397.20405708,0.0762808823254041
517120943.61183393,0.09604138583811284
185628906.86131623,0.08272604377171269
241900759.45264673,0.08574110823861866
588286775.24327,0.0985955961351715
328646518.9724101,0.08965712200443941
1077791897.1311402,0.11062891292710163
464534156.7399089,0.09496456517446371
1093531913.2312188,0.11187922721360423
655161841.3601134,0.10008314023194932
124165896.2062225,0.07912241913895889
450100055.6692782,0.09396726910387823
684657208.3065534,0.10137487345465465
353661402.3755716,0.0906679114284495
851466272.2537608,0.10538377880550685
709361768.5887698,0.10253737959126083
115929133.9689905,0.07874441124189077
371789968.7479042,0.09081860579687245
534370642.1432167,0.09725387907263715
60634433.309426606,0.0748343363473112
99742595.03200528,0.07749879621448605
152015973.424999,0.080914472868394
415826363.03837895,0.0933780206807663
830738752.1794131,0.10563844820525999
430172076.1894505,0.0931082973924334
240233182.69769022,0.08537632064923852
383156463.5237409,0.09142852966500459
695595432.3788567,0.1019040165225689
227285150.71271724,0.08515489698377571
562223044.3502939,0.09798184816202636
410794570.2278214,0.09268860145736663
286168297.9868948,0.08716920570486732
496405951.5074792,0.09645562536193293
38973677.73503849,0.07323766143373854
544046404.5960757,0.0966783373164148
31495282.800647926,0.0726557547069441
494260354.1890166,0.09563577662089505
872783965.033143,0.10624928047625891
482028300.81478614,0.09542040784663817
642380577.3026531,0.10024051673954214
660378496.0073467,0.10054407204191652
151485288.72401577,0.08097772206566753
263013570.03224826,0.08709305449946882
154561856.83871877,0.08114582039137058
771495332.8483341,0.10347068044315266
274834626.68991613,0.08652704528450332
332263990.87436575,0.08968082040784349
961044801.3487749,0.10767498526127998
684914616.4151194,0.10001133896656438
557658503.376239,0.09780407577627942
353279079.310638,0.09022946138908702
738345343.6461343,0.10337980622968498
840856849.4543694,0.10535617865012582
621967124.033989,0.10065601840016335
261836840.99727297,0.08647177700475495
804863693.705642,0.10432039047338978
321789054.0943357,0.08975769153835803
664017101.7142639,0.10106038600833468
445873716.8813337,0.09458423121058947
322431447.2899783,0.0890329975793805
184516329.52824152,0.08222049455176315
340428196.88176566,0.08970411208002137
19985908.754909877,0.07172354367550575
229349018.63768864,0.08494216100775989
450120328.35051453,0.09395162733578231
353778917.81381243,0.0900423487558801
659039995.2957656,0.10084814978842693
759726279.8830895,0.1041685037994315
11191040.682387147,0.07099186300670997
370543395.7417266,0.09175778019966951
486923548.3035623,0.09557619129958424
802445285.3448176,0.10480052657765784
82899764.88341698,0.0764946059984781
1001242864.7338117,0.10938413572234827
817468055.3082138,0.10479254977970688
579418156.3638932,0.09802427895221723
624272100.4498532,0.09934650240750326
410391666.93441594,0.09258776802768989
938143491.7898462,0.10703664323888626
680419888.3598666,0.10096556003960024
266125702.7417258,0.08692549930131115
379070954.40925753,0.09050557147581177
396886740.9781563,0.09177713816627897
302512538.4468148,0.08828312884925282
174819003.45859498,0.08241697062066364
272169471.562167,0.08702059888952342
783027859.2228683,0.10462341778382987
61184656.45381363,0.0750329990065917
699632041.7755234,0.10220524262265894
302043149.3193311,0.08840251630343318
338579714.8968235,0.0894622470847645
558104314.6341633,0.09746284830096617
800562707.998709,0.10452788983861969
559197334.199312,0.09722161764278081
531070040.010687,0.09676271647078181
428301025.5417343,0.09259104425783578
725303633.6423736,0.10203502659788527
429766825.9070444,0.09367868903035419
592538867.0356276,0.09839341795937552
223943658.05869043,0.08432930215180688
135382223.217996,0.07998384753514429
603875969.8056489,0.09848294429225375
974910250.1692113,0.1092769326874314
512157327.25994074,0.09653100455182038
429597065.51377475,0.09355131928484052
863985296.0994518,0.10581473845706026
479426521.48398304,0.09463419757556238
613920768.9092325,0.09967313562522248
568705738.3166294,0.09767832784902242
499564938.1919844,0.09559539272046394
149766934.90750852,0.08066377899082512
102249795.56896822,0.0776942458572056
716637905.0991445,0.10179458359686168
502515922.1259565,0.09610100150557234
65984218.48148452,0.07514788522011369
319341734.77741796,0.08911257701155507
784829918.6035476,0.10425147349843689
759924007.0405514,0.10316699557689664
1199250236.841742,0.1134094383075806
480115144.5010052,0.09537129854612308
1033652786.8437505,0.11055386884519441
568137911.0385635,0.09803967352960047
536235334.45963824,0.09635230967041063
272020674.2709286,0.08659199081372596
441506151.587024,0.09391666013476996
134637919.2706879,0.07953686556140857
597922330.2325897,0.09938275726390979
943613254.2741835,0.10819056185187224
131589384.50696477,0.07947344421340366
685055416.803118,0.10197235403192219
408623364.82017535,0.09270791878140357
516527374.95177805,0.09621809397235156
917725599.7114842,0.1080377570620448
167808824.12020293,0.08187285475498313
282724017.2578029,0.08752132879597671
357768221.708696,0.09066404282501736
718667832.5665867,0.10142422634069119
382206386.8287928,0.09086437875280763
707015382.1075964,0.10151398506249305
1170720933.5956306,0.11292458247391737
924620937.3148665,0.10724289323290487
836564440.2653762,0.10477278219223606
299350817.13525665,0.08804200760526736
792544143.0704756,0.10413906026167613
580474933.3502294,0.09821145928092566
807685011.4882774,0.10496420831849387
698826053.7305987,0.10138438948202073
842496704.0241408,0.10519135106254575
708811271.0095187,0.1016183181160408
336082572.59150165,0.09011844328111256
689488608.168205,0.1018548743657992
435151798.7435227,0.09293970099573942
861508363.2573304,0.10538332020323857
1402599571.742577,0.11630826220051596
431533217.6778346,0.09351669870219327
278287639.1221869,0.08714626751630548
549882305.8790648,0.09762714716797878
529714508.68253267,0.09722811701370088
253213672.6432423,0.08616199724644391
93020467.51880923,0.07718919760331314
440384112.397785,0.09362898514724155
511509462.5920774,0.09564844646665868
195073954.97504288,0.08284560692107253
689657175.9075011,0.1012477502735949
758316779.0360465,0.10302847542985684
748740476.1581855,0.10335473708022194
417559428.3013174,0.09343699258518252
115604822.60509264,0.07864371461909991
969201624.5803556,0.10812160993223982
722041714.0252066,0.10343021899457129
385009475.40334487,0.09121600653056099
301001295.8892273,0.08841409094615732
56545815.10629979,0.07460865995205129
180596595.99228138,0.0823300456192746
29709130.885475036,0.07249855970352172
306048986.69427603,0.08831443441425142
246704919.39450842,0.08597935247052843
942720854.4372958,0.10760555256589964
775798112.8793988,0.10448780786151118
525867943.2925859,0.09636022661542938
263989825.52416915,0.08656909517590176
58783470.63786972,0.07473120750881762
826750139.5145843,0.10509031111294283
213696697.39556518,0.08374821399126986
1063198615.324467,0.10953440269746481
608604001.1591384,0.09931273412189584
578984268.9280936,0.09791985905329122
569816238.3607559,0.09815028406675544
78398615.56117849,0.07609873212981615
533770214.04163074,0.09681291404201377
535858153.7630099,0.09623233599166074
777088685.9346823,0.10372033280227483
174334746.2754125,0.08193205011878547
12694992.468234248,0.07113212732950966
337268813.563829,0.09002470116135038
407292604.64647365,0.0930419783168537
491100339.4161031,0.09604608780528798
496593987.36404985,0.09532038361269758
485194575.8807282,0.0954306871009102
206779382.17739803,0.0840232585064218
683765853.0336161,0.10062129989656719
567240523.065757,0.0979736296919659
916829239.54627,0.10744329107336874
50866341.25800944,0.07414514531401097
411188272.7159332,0.0924454012834039
54599747.56229321,0.07447370837166352
304939915.70967066,0.08855578749278833
256015678.45865986,0.08643957733623606
197554432.3447089,0.08323781883860604
277989914.75135213,0.08759432099958417
-21170662.737152338,0.06802132373298293
597111543.2089536,0.0990808316783237
488181464.23562396,0.0954602799381416
640973842.7288781,0.10043728375970651
325278086.3446567,0.08905157344342586
788982942.1913657,0.1039191123122833
163059632.72656968,0.08162537792067688
787944246.0876892,0.10443804410132168
1358776802.590073,0.11588707869546855
653647099.5794117,0.10048760432599697
439041120.59563243,0.09326147096050877
542661184.5863867,0.09660565361961643
-26365345.747699346,0.06746618422497397
656574424.5063472,0.10013537462660953
935528834.18137,0.10717533164369956
165217973.31067872,0.08165306597764858
438605911.86205375,0.09352281008689918
674441461.8459618,0.10066897092671985
229379476.9813907,0.08430009909306523
117657716.33548383,0.07869221053835779
471195424.61032045,0.09462048944258095
501441748.9621179,0.09574597272484947
371139551.0431743,0.09125581316540562
720632984.1029665,0.10207713256749343
808091785.8980317,0.10427877697062501
688484280.3649673,0.10188040786377169
654954097.4069587,0.10109002133551535
109175113.26901115,0.07834583738137368
601451034.6166096,0.09809797174078397
598644944.0268829,0.09901869377776586
336873016.11657315,0.0902778272974951
295909099.4007275,0.08820373254373623
308885078.65182436,0.0883900969492103
985851850.9181845,0.10892911207479195
474297547.2729468,0.0953690560128414
304335841.1451392,0.08828327892310389
554217102.130539,0.09754753262394204
82609627.44557948,0.07651248286477362
814001952.7499824,0.10505677824413141
559105009.7856075,0.09776035011492931
606934530.6224684,0.09896952079745644
560840175.5641083,0.09815647726835448
461985745.48085713,0.09444285332298019
393148898.5412525,0.0925247325885409
935668541.1014905,0.10756122059086173
711036643.382735,0.10167067581824152
515726758.5932927,0.09622500443567383
645650205.0367122,0.10009568497785899
288463702.53039247,0.08767829675277948
283652412.61664736,0.08774993559571866
392276883.669753,0.09184421329726794
347235878.5815626,0.09050636876650037
928618951.1624093,0.10791731961753671
154198944.88078547,0.08123332148440258
618963101.8760856,0.09928551936998385
87125834.26135643,0.07697229304873197
-32528289.777712572,0.06682538962472212
266516398.0454309,0.0872416060005943
597801617.84516,0.09885202279403571
414189576.7329195,0.09280945984713336
448689898.1056125,0.09401901539666772
237604290.02080894,0.08536234222362726
874123641.514039,0.10635013357699827
532059576.1821954,0.09755720338020386
316744410.28737545,0.08888327104629035
118882272.11868979,0.07859270242352048
749612593.8563147,0.10315741750613389
493399825.84686404,0.09581900123602573
78562059.44804925,0.0760692642446375
167746408.72287148,0.0814532571295437
445575004.95638037,0.09378681612713112
552492565.9876934,0.09751371028898626
121973748.82702336,0.07916064323742633
526530472.83540094,0.09761416528055804
82245429.1951048,0.07635804942324106
92336183.19744954,0.0771259585751237
602150633.681664,0.09849050841052394
323488782.3821645,0.08964697917383527
857192319.4216907,0.10593693866787622
786646484.5295997,0.10400005376195166
427679447.4832292,0.09331315540797137
979752929.2247045,0.10866848513778693
395168185.33636343,0.09178347323189504
189772903.16945258,0.08248604550862353
482140017.9638353,0.09467025095689437
333123079.73689795,0.08935191735674848
256382898.94671047,0.08581045844205991
689041718.0686338,0.10160185666124863
704736283.7098241,0.1014331734535918
318760364.2393979,0.08947213342335111
114265419.09751457,0.0787411573989038
439099424.20667756,0.0938566672646368
607710938.2816337,0.09907370374959726
-31132972.98683579,0.06697622294109659
494966048.4722625,0.09452979653177809
14912658.657865696,0.0712829805436314
414453314.0271965,0.09270983080296216
627134016.7398014,0.1000368557979257
244005846.43980017,0.08542248650028919
350098706.7168729,0.0902108160429087
843159465.8368641,0.10569674174651526
607370962.9522985,0.09881441559575808
464962007.6143773,0.09374348651672122
243976076.5984026,0.08600417836750507
236558662.2407708,0.0849796967830199
138514663.49736705,0.0801776248418498
777032589.0449905,0.10426597551305687
171164080.3742008,0.0817372945565481
845354636.0580337,0.10519159874658802
752634749.973202,0.10291337984012132
51544871.887165725,0.07414239012108102
519217705.57069016,0.09576755577126121
1100388357.4672487,0.11164127087141808
310932867.26645863,0.08903569476994175
336954829.41329014,0.0894806269054284
194016333.28224826,0.08333856778411143
568380904.6428599,0.09856880593485368
242744912.580155,0.08578207132767078
622937544.0538616,0.0995641555009812
825574047.3264494,0.10505058597590035
734594274.6950202,0.1030348354701849
322273216.0225102,0.08922729608110698
746192098.2278593,0.10294210450905009
595518017.5971873,0.0990087136438032
586549495.6410125,0.09742101584101236
509962533.9886811,0.09564143053551752
347556323.4762185,0.09003830585491547
352126869.6823951,0.09060107306659666
1031654511.0255777,0.10956885874426796
649191895.3087013,0.10110055021239919
21072493.02725689,0.07185179460239037
194779389.33212912,0.08289475593403159
352120896.8825146,0.0904114331881419
403703251.631893,0.09211478199588277
285123084.55993474,0.08688488567139317
644758173.7902403,0.09996405749864108
499565220.37686694,0.09579228331290424
817759134.1168382,0.10524210441077397
660416870.1218117,0.1005123904717413
212412375.02733752,0.08428944817167405
341142947.7879628,0.08955966476226224
518534436.55713415,0.09578110481689091
1035104866.5745474,0.10973669579280562
278227401.9858981,0.08715621389484209
88835938.66362458,0.0770348412987919
324573216.48760337,0.08861764248510555
170125653.61212596,0.08142317009908383
119966553.48747614,0.07893318643456015
221841565.568261,0.08410035580773753
409849380.3745885,0.09295360543578483
338152077.2392007,0.08935879515471763
493477499.88945425,0.09563708559395664
652663839.3374224,0.10012340158539516
459331853.30784607,0.09464557017180648
124241115.2743546,0.07907236920894939
446759165.6370683,0.09366900091603883
99051620.47782409,0.07766537099674946
647859016.2411315,0.10033452910130165
461591763.84811383,0.09409853589141251
-24001887.68114375,0.06767702885027262
265485614.9657517,0.08639693928006197
236707620.869254,0.08524638318409229
1122478479.0126762,0.11141714369181807
87123546.87973598,0.07683591018576019
1154405685.0341005,0.11207699232051353
367924443.8843984,0.09097076669876976
92555305.94427544,0.07719630618847614
607408600.0011916,0.09904113629255475
412252939.9361293,0.093094064380446
74776913.62073337,0.07592951453032962
785079854.9804372,0.10464900380152564
700910164.7884917,0.10203093108416891
180657650.18459955,0.08206331398083794
989328840.4135499,0.10941948092408262
404585206.30437696,0.09172848331700072
354621837.03965497,0.09019174520441393
460507037.02847874,0.09470445351730615
588477652.1166357,0.09889576253902006
1077769517.922,0.11094505620940084
199038277.70019436,0.08349374849855672
452399558.8625141,0.09440413991974625
842048626.7060757,0.10549184364432149
483430224.02683806,0.09450174695969575
709722422.0010318,0.10229994901337486
131585530.66244464,0.07984587156120367
621730016.6756469,0.09935507707670689
609410987.1159637,0.09962006970176207
561995159.303962,0.09744070227296492
966621743.4733944,0.10818279404754151
801185171.8014348,0.10502781504484253
643434422.8100535,0.0998436231643985
-25376684.794405796,0.06759653058382845
928227700.6429696,0.10777523486616901
960310446.2649777,0.10804193239239185
644456480.035349,0.10044491471435074
677350349.8866689,0.10164522768473631
787000699.4529111,0.10447354926449096
855400981.8758717,0.10542122162082006
387164203.4356003,0.09169582777624058
340241736.5030133,0.08992083250100259
209268333.92125323,0.08362884735427549
362248366.79067445,0.09018391101317962
618477142.3116748,0.09950182056674338
424375589.9312174,0.09241694372380925
654945894.6891243,0.10039511552104914
902727094.4491587,0.10662319250901874
809916895.3132203,0.10441391309100903
673872579.8523321,0.1011691875451963
396826948.25592583,0.09267591917676173
2882240.7841354683,0.07026141909580222
430098717.20730674,0.09361534687681042
557125819.683272,0.09846000628038115
351809401.0894891,0.0902218732809499
356071543.19609463,0.090232406711048
480281080.56621015,0.09483118460254573
845877064.4111173,0.1049280490762666
387196764.14075637,0.09116592584974152
581974468.3755075,0.09797342667301406
295942790.8463342,0.08810871364894798
509160917.4230594,0.09565711471381375
232820039.10286093,0.0856083558234095
524940443.1678864,0.09703684574909721
614183808.6799903,0.09962187160643289
496603627.6723069,0.09545123394221312
373700231.18192625,0.09131954208143755
636549361.1580682,0.10007618079775334
523818091.5790353,0.09575151714052169
-32106649.85613417,0.06685930546732119
293532758.2498493,0.08770375270716817
427526830.704468,0.09306748097984635
650838596.8753649,0.10056799029120637
180777672.03663826,0.08220821666177335
302539545.24907017,0.08828761500553232
97123193.5374337,0.07732521099410833
582038764.8056222,0.09819468425931728
459759666.2427647,0.09406086518390623
1141819034.3365703,0.1123550286142532
364118878.3460611,0.09102110025026955
510862472.37855375,0.09593888674610042
58950845.827667266,0.07484742695863357
225984819.25363964,0.08459739953220226
634857026.4014896,0.09971374127785333
297987345.9278442,0.088431428905305
391135009.7518152,0.09177469421162789
264040216.7307415,0.08671145810572879
237804287.1942848,0.08492960344754673
125463491.94129796,0.0791465162509122
216883702.09279406,0.08447276392011753
471554402.5623186,0.09499864649752392
715322811.0926012,0.10219001563053277
793428335.7499323,0.10435877449886241
465414608.48253036,0.09444555924370003
255624902.99790376,0.0861096404531176
1311410931.2989717,0.11505696882818733
372890714.58795774,0.0917779336960742
546530714.1471589,0.09668949866485477
634647511.513117,0.09975478255651116
1053582459.7112154,0.10987839607206765
703405738.8082261,0.10172195940377156
496786970.2666833,0.0957243678528002
557483039.6866971,0.09770608434022134
367384421.3899386,0.09058698470330649
117155765.94880812,0.07863161608626128
-52384550.23478821,0.06464584161237545
97855051.34100248,0.07752960240403507
831127798.1018567,0.10465658558168243
913166439.1171366,0.10746233409146376
736985688.29297,0.10300881754310051
101372432.52717903,0.07754318362354043
998870891.1028702,0.10853837312972939
737024287.1432514,0.1030046385902652
375255056.3993179,0.09116208416351837
65374624.07735956,0.0752217760022148
582333350.1229488,0.09838419764810369
223497232.19841254,0.08419309160543124
152149069.1279232,0.08053123241526947
747061973.1337597,0.10271480901671613
278686178.4052603,0.08734773550725639
829176478.512886,0.10525550680006777
568083267.9943647,0.09863112541647555
390613321.7999104,0.0916733761272422
547905566.5656908,0.0967684510333551
387281446.8486607,0.091241019491035
708209853.8059772,0.10178807634588301
959399064.3283345,0.10804189656400233
408212238.16896105,0.09243963647931767
750189211.7174623,0.10347466060829806
262568078.34958267,0.08620434445346008
429484715.53611666,0.09328491827296281
76072008.49270113,0.07615205382483307
945485810.2537347,0.10817868935975006
326422184.0467084,0.08954959470656124
736857533.2598875,0.10242694119236785
482647282.4329991,0.09492809636461907
158105704.1617223,0.08113312943877933
450702611.43165267,0.09387139735007674
-22545757.614557777,0.06787269422561067
338459566.42687255,0.08942022897624845
364313227.40670496,0.09025032779819173
129657438.35765874,0.0796906470623303
668032527.0220261,0.10096859657925782
330568081.0304719,0.08957206925629385
386479864.51668286,0.0919128958539285
513417419.6754426,0.0960027192174492
76787810.28167823,0.07612475934377143
297515308.0997594,0.08763508118143144
668736657.7697264,0.10085420904429639
730860741.2774503,0.10279036605729705
297480968.4035551,0.0877451681309493
1288702602.6662138,0.1145136467453115
896834760.405375,0.10689217207488709
802626535.0262232,0.10452399232859816
487993395.4403398,0.09492944599503753
293001906.3100672,0.08754905339526108
320646368.6437038,0.08930220843578905
619679058.5525231,0.09962325115571843
435458323.66575456,0.09371121479895056
219485160.86423886,0.08429698230571908
603209396.7354021,0.09843704165404053
340469269.556363,0.08972704504903004
361414181.51100767,0.09068119908162008
591243516.4077455,0.0990438549823907
419847907.68369853,0.09227562385491717
954994281.4353571,0.10797359462948382
291682281.1266508,0.08821413805607596
1437258018.0375042,0.11765701873490779
428649710.42480314,0.09333196584777527
91353966.20147547,0.07697456124819031
257993942.3149653,0.08598365500977627
370587763.4061306,0.09118720553170792
186417348.16507047,0.08270202599509974
824301157.692471,0.10456605433177288
813446283.9848845,0.10419241046454454
620594932.154236,0.099359714788139
155801140.88707703,0.08093984429729806
719055315.4896659,0.10291147392629003
498475559.85274684,0.09553007507461987
72908632.83480622,0.07597378205898458
423577215.9826398,0.09383543143138547
279803566.1625088,0.08702231893677982
463015153.4632728,0.09472941064515616
264900258.74308813,0.08616449971100158
146553806.51583144,0.08033994928427067
530455737.06469,0.09594161391476
786749480.0113626,0.10427048882078055
60873305.00640314,0.07498863598114143
655801064.0737696,0.09981007616887941
188169493.72618592,0.0825074158583355
602568554.7483888,0.09837091005237408
441811965.1245558,0.0938643780075297
1538253631.2730134,0.1194812937117521
414440720.0898832,0.09292118587496973
931850626.0336396,0.1074629446220003
523503689.4877364,0.09650298716996454
455138682.43694246,0.09415809037511708
557426989.65498,0.09782441748028838
187588502.5297713,0.0826037122340127
366602181.65817034,0.09039081914481624
1013634448.0565097,0.10931772830030895
538325402.5110279,0.09613208301814773
281375252.71429217,0.08712273874049208
285083186.94831324,0.08742148292516376
781335226.358739,0.10386114815474647
250922166.14714247,0.0859640381965096
67167316.29821922,0.07533357348377492
200196060.00850102,0.08373363711951717
145305815.4082987,0.08064595250765183
329152216.1800676,0.08943246919351587
86749106.16821434,0.07693599823100367
270637842.8187362,0.08723964241482277
690227226.8132681,0.10119648819728196
531740408.62585306,0.09751393899582474
408842472.3083983,0.0928917882506743
544440281.3510398,0.09726224383312282
675131196.4664459,0.10073686166829147
475015051.2919886,0.09483253518026065
328631257.66035414,0.08887946910224184
927416911.408417,0.10713483592166857
166866558.06303412,0.08125843534432424
